<ImportExportXml version="9.1.0.5623" SolutionPackageVersion="9.1" languagecode="1033" generatedBy="CrmLive" xmlns:xsi="http://www.w3.org/2001/XMLSchema-instance">
  <SolutionManifest>
    <UniqueName>CIADCheckInActivity</UniqueName>
    <LocalizedNames>
      <LocalizedName description="CIAD CheckIn Activity" languagecode="1033" />
    </LocalizedNames>
    <Descriptions>
      <Description description="Check-In Activity for CIAD Modules (PowerApp)" languagecode="1033" />
    </Descriptions>
    <Version>1.0.0.0</Version>
    <Managed>1</Managed>
    <Publisher>
      <UniqueName>microsofttsp</UniqueName>
      <LocalizedNames>
        <LocalizedName description="Microsoft TSP" languagecode="1033" />
      </LocalizedNames>
      <Descriptions />
      <EMailAddress xsi:nil="true"></EMailAddress>
      <SupportingWebsiteUrl xsi:nil="true"></SupportingWebsiteUrl>
      <CustomizationPrefix>tsp</CustomizationPrefix>
      <CustomizationOptionValuePrefix>86591</CustomizationOptionValuePrefix>
      <Addresses>
        <Address>
          <AddressNumber>1</AddressNumber>
          <AddressTypeCode>1</AddressTypeCode>
          <City xsi:nil="true"></City>
          <County xsi:nil="true"></County>
          <Country xsi:nil="true"></Country>
          <Fax xsi:nil="true"></Fax>
          <FreightTermsCode xsi:nil="true"></FreightTermsCode>
          <ImportSequenceNumber xsi:nil="true"></ImportSequenceNumber>
          <Latitude xsi:nil="true"></Latitude>
          <Line1 xsi:nil="true"></Line1>
          <Line2 xsi:nil="true"></Line2>
          <Line3 xsi:nil="true"></Line3>
          <Longitude xsi:nil="true"></Longitude>
          <Name xsi:nil="true"></Name>
          <PostalCode xsi:nil="true"></PostalCode>
          <PostOfficeBox xsi:nil="true"></PostOfficeBox>
          <PrimaryContactName xsi:nil="true"></PrimaryContactName>
          <ShippingMethodCode>1</ShippingMethodCode>
          <StateOrProvince xsi:nil="true"></StateOrProvince>
          <Telephone1 xsi:nil="true"></Telephone1>
          <Telephone2 xsi:nil="true"></Telephone2>
          <Telephone3 xsi:nil="true"></Telephone3>
          <TimeZoneRuleVersionNumber xsi:nil="true"></TimeZoneRuleVersionNumber>
          <UPSZone xsi:nil="true"></UPSZone>
          <UTCOffset xsi:nil="true"></UTCOffset>
          <UTCConversionTimeZoneCode xsi:nil="true"></UTCConversionTimeZoneCode>
        </Address>
        <Address>
          <AddressNumber>2</AddressNumber>
          <AddressTypeCode>1</AddressTypeCode>
          <City xsi:nil="true"></City>
          <County xsi:nil="true"></County>
          <Country xsi:nil="true"></Country>
          <Fax xsi:nil="true"></Fax>
          <FreightTermsCode xsi:nil="true"></FreightTermsCode>
          <ImportSequenceNumber xsi:nil="true"></ImportSequenceNumber>
          <Latitude xsi:nil="true"></Latitude>
          <Line1 xsi:nil="true"></Line1>
          <Line2 xsi:nil="true"></Line2>
          <Line3 xsi:nil="true"></Line3>
          <Longitude xsi:nil="true"></Longitude>
          <Name xsi:nil="true"></Name>
          <PostalCode xsi:nil="true"></PostalCode>
          <PostOfficeBox xsi:nil="true"></PostOfficeBox>
          <PrimaryContactName xsi:nil="true"></PrimaryContactName>
          <ShippingMethodCode>1</ShippingMethodCode>
          <StateOrProvince xsi:nil="true"></StateOrProvince>
          <Telephone1 xsi:nil="true"></Telephone1>
          <Telephone2 xsi:nil="true"></Telephone2>
          <Telephone3 xsi:nil="true"></Telephone3>
          <TimeZoneRuleVersionNumber xsi:nil="true"></TimeZoneRuleVersionNumber>
          <UPSZone xsi:nil="true"></UPSZone>
          <UTCOffset xsi:nil="true"></UTCOffset>
          <UTCConversionTimeZoneCode xsi:nil="true"></UTCConversionTimeZoneCode>
        </Address>
      </Addresses>
    </Publisher>
    <RootComponents>
      <RootComponent type="1" schemaName="contact" behavior="1" />
      <RootComponent type="1" schemaName="tsp_contosoboutiquecheckin" behavior="0" />
      <RootComponent type="60" id="{b24ce90c-3f4a-46e0-aea3-46123aee328a}" behavior="0" />
      <RootComponent type="61" schemaName="tsp_check-in_icn" behavior="0" />
      <RootComponent type="61" schemaName="tsp_checkin_icn_16" behavior="0" />
      <RootComponent type="80" schemaName="Customerservicehub" behavior="0" />
    </RootComponents>
    <MissingDependencies>
      <MissingDependency>
        <Required key="0" type="1" schemaName="incident" displayName="Case" solution="msdynce_Service (9.0.5.0056)" />
        <Dependent key="1" type="80" schemaName="Customerservicehub" displayName="Customer Service Hub" />
      </MissingDependency>
      <MissingDependency>
        <Required key="2" type="1" schemaName="phonetocaseprocess" displayName="Phone To Case Process" solution="msdynce_Service (9.0.5.0056)" />
        <Dependent key="1" type="80" schemaName="Customerservicehub" displayName="Customer Service Hub" />
      </MissingDependency>
      <MissingDependency>
        <Required key="3" type="1" schemaName="entitlement" displayName="Entitlement" solution="msdynce_Service (9.0.5.0056)" />
        <Dependent key="1" type="80" schemaName="Customerservicehub" displayName="Customer Service Hub" />
      </MissingDependency>
      <MissingDependency>
        <Required key="4" type="1" schemaName="knowledgearticleincident" displayName="Knowledge Article Incident" solution="msdynce_Service (9.0.5.0056)" />
        <Dependent key="1" type="80" schemaName="Customerservicehub" displayName="Customer Service Hub" />
      </MissingDependency>
      <MissingDependency>
        <Required key="5" type="29" displayName="Phone to Case Process" solution="msdynce_Service (9.0.5.0056)" id="{0ffbcde4-61c1-4355-aa89-aa1d7b2b8792}" />
        <Dependent key="1" type="80" schemaName="Customerservicehub" displayName="Customer Service Hub" />
      </MissingDependency>
      <MissingDependency>
        <Required key="6" type="60" displayName="Customer Service Representative Social Dashboard" solution="msdynce_Service (9.0.5.0056)" id="{063e7659-05d9-4030-960d-10fe269a5a8b}" />
        <Dependent key="1" type="80" schemaName="Customerservicehub" displayName="Customer Service Hub" />
      </MissingDependency>
      <MissingDependency>
        <Required key="7" type="60" displayName="Customer Service Operations Dashboard" solution="msdynce_Service (9.0.5.0056)" id="{4e76815a-1f63-df11-ae90-00155d2e3002}" />
        <Dependent key="1" type="80" schemaName="Customerservicehub" displayName="Customer Service Hub" />
      </MissingDependency>
      <MissingDependency>
        <Required key="8" type="60" displayName="Case for Interactive experience" parentDisplayName="Case" solution="msdynce_Service (9.0.5.0056)" id="{915f6055-2e07-4276-ae08-2b96c8d02c57}" />
        <Dependent key="1" type="80" schemaName="Customerservicehub" displayName="Customer Service Hub" />
      </MissingDependency>
      <MissingDependency>
        <Required key="9" type="60" displayName="Email for Interactive experience" parentDisplayName="Email" solution="msdynce_Activities (9.0.1.2033)" id="{1d5ad078-3edb-4edc-98c6-c0c21e3125e3}" />
        <Dependent key="1" type="80" schemaName="Customerservicehub" displayName="Customer Service Hub" />
      </MissingDependency>
      <MissingDependency>
        <Required key="10" type="60" displayName="Customer Service Performance Dashboard" solution="msdynce_Service (9.0.5.0056)" id="{acb40ffe-a1e0-47d0-a472-799911009df6}" />
        <Dependent key="1" type="80" schemaName="Customerservicehub" displayName="Customer Service Hub" />
      </MissingDependency>
      <MissingDependency>
        <Required key="11" type="60" displayName="Tier 1 Dashboard" solution="msdynce_Service (9.0.5.0056)" id="{d201a642-6283-4f1d-81b7-da4b1685e698}" />
        <Dependent key="1" type="80" schemaName="Customerservicehub" displayName="Customer Service Hub" />
      </MissingDependency>
      <MissingDependency>
        <Required key="12" type="60" displayName="Customer Service Manager Dashboard" solution="msdynce_Service (9.0.5.0056)" id="{65e050d3-8b71-4b53-acb5-bb9af83bf384}" />
        <Dependent key="1" type="80" schemaName="Customerservicehub" displayName="Customer Service Hub" />
      </MissingDependency>
      <MissingDependency>
        <Required key="13" type="60" displayName="Appointment for Interactive experience" parentDisplayName="Appointment" solution="msdynce_Activities (9.0.1.2033)" id="{230cd27c-0ce0-4b52-9fe5-d7a5ed94ba4e}" />
        <Dependent key="1" type="80" schemaName="Customerservicehub" displayName="Customer Service Hub" />
      </MissingDependency>
      <MissingDependency>
        <Required key="14" type="60" displayName="Customer Service Representative Dashboard" solution="msdynce_Service (9.0.5.0056)" id="{6e00802f-8c73-df11-986c-00155d2e3002}" />
        <Dependent key="1" type="80" schemaName="Customerservicehub" displayName="Customer Service Hub" />
      </MissingDependency>
      <MissingDependency>
        <Required key="15" type="60" displayName="Knowledge Article for Interactive experience" parentDisplayName="Knowledge Article" solution="msdynce_KnowledgeManagement (9.0.1.33)" id="{f7502aaf-4874-49fc-868d-cc201c6c4453}" />
        <Dependent key="1" type="80" schemaName="Customerservicehub" displayName="Customer Service Hub" />
      </MissingDependency>
      <MissingDependency>
        <Required key="16" type="60" displayName="Account for Interactive experience" parentDisplayName="Account" solution="msdynce_AppCommon (9.0.4.0066)" id="{a72c7955-442b-4ea4-9499-b10cd18b4256}" />
        <Dependent key="1" type="80" schemaName="Customerservicehub" displayName="Customer Service Hub" />
      </MissingDependency>
      <MissingDependency>
        <Required key="17" type="60" displayName="Contact for Interactive experience" parentDisplayName="Contact" solution="msdynce_LeadManagement (9.0.4.0066)" id="{cc760212-3eab-4009-b5c3-ea9cf6f3e141}" />
        <Dependent key="1" type="80" schemaName="Customerservicehub" displayName="Customer Service Hub" />
      </MissingDependency>
      <MissingDependency>
        <Required key="18" type="60" displayName="Knowledge Article Incident for Interactive experience" parentDisplayName="Knowledge Article Incident" solution="msdynce_Service (9.0.5.0056)" id="{5e4e7214-a56d-4152-ac51-1a89e463eff4}" />
        <Dependent key="1" type="80" schemaName="Customerservicehub" displayName="Customer Service Hub" />
      </MissingDependency>
      <MissingDependency>
        <Required key="19" type="60" displayName="Tier 2 Dashboard" solution="msdynce_Service (9.0.5.0056)" id="{acddedde-9140-4130-a1c1-96a5c6867a9f}" />
        <Dependent key="1" type="80" schemaName="Customerservicehub" displayName="Customer Service Hub" />
      </MissingDependency>
      <MissingDependency>
        <Required key="20" type="60" displayName="Social Profile for Interactive experience" parentDisplayName="Social Profile" solution="msdynce_SocialProfile (9.0.1.3)" id="{a0ea0f71-dc25-47b6-8cc9-9ef8144ae424}" />
        <Dependent key="1" type="80" schemaName="Customerservicehub" displayName="Customer Service Hub" />
      </MissingDependency>
      <MissingDependency>
        <Required key="21" type="60" displayName="Contact" parentDisplayName="Contact" solution="msdynce_AppCommon (9.0.4.0066)" id="{1fed44d1-ae68-4a41-bd2b-f13acac4acfa}" />
        <Dependent key="1" type="80" schemaName="Customerservicehub" displayName="Customer Service Hub" />
      </MissingDependency>
      <MissingDependency>
        <Required key="22" type="60" displayName="Phone Call for Interactive experience" parentDisplayName="Phone Call" solution="msdynce_Activities (9.0.1.2033)" id="{cdc622ea-2a17-4cc3-9605-44564d56cea7}" />
        <Dependent key="1" type="80" schemaName="Customerservicehub" displayName="Customer Service Hub" />
      </MissingDependency>
      <MissingDependency>
        <Required key="23" type="60" displayName="Task for Interactive experience" parentDisplayName="Task" solution="msdynce_Activities (9.0.1.2033)" id="{d5b4a1b2-de4f-4f86-8768-b0730001e7d1}" />
        <Dependent key="1" type="80" schemaName="Customerservicehub" displayName="Customer Service Hub" />
      </MissingDependency>
      <MissingDependency>
        <Required key="24" type="62" schemaName="Customerservicehub" solution="msdynce_Customerservicehub (9.0.5.0056)" />
        <Dependent key="1" type="80" schemaName="Customerservicehub" displayName="Customer Service Hub" />
      </MissingDependency>
      <MissingDependency>
        <Required key="25" type="66" schemaName="MscrmControls.FlipSwitch.FlipSwitchControl" displayName="MscrmControls.FlipSwitch.FlipSwitchControl" solution="CustomControlsCore (9.1.0000.5623)" />
        <Dependent key="26" type="60" displayName="Information" parentDisplayName="Contoso Check-In" id="{b24ce90c-3f4a-46e0-aea3-46123aee328a}" />
      </MissingDependency>
      <MissingDependency>
        <Required key="1" type="80" schemaName="Customerservicehub" displayName="Customer Service Hub" solution="msdynce_Customerservicehub (9.0.5.0056)" />
        <Dependent key="1" type="80" schemaName="Customerservicehub" displayName="Customer Service Hub" />
      </MissingDependency>
      <MissingDependency>
        <Required key="27" type="61" schemaName="msdynce_CustomerServiceHub/_imgs/AppIcon/CustomerServiceHubIcon.svg" displayName="CustomerServiceHub/_imgs/AppIcon/CustomerServiceHubIcon.svg" solution="msdynce_Customerservicehub (9.0.5.0056)" />
        <Dependent key="1" type="80" schemaName="Customerservicehub" displayName="Customer Service Hub" />
      </MissingDependency>
    </MissingDependencies>
  </SolutionManifest>
</ImportExportXml>